seed,arm,accuracy,parameters,active_parameter_tensor_sizes,updates,active_aux_bytes,similarity_evaluations,value_reads,writes,evictions
11,M0,0.390625,36,36,30,0,0,0,0,0
11,MC_capacity,0.296875,319,319,30,0,0,0,0,0
11,M2_symbolic_address,0.984375,319,164,30,630,64,64,192,0
11,M2_anonymous_k2,0.5625,319,292,30,630,192,128,192,0
11,MA_anonymous_k2,0.5,319,292,30,630,320,128,384,0
23,M0,0.265625,36,36,30,0,0,0,0,0
23,MC_capacity,0.25,319,319,30,0,0,0,0,0
23,M2_symbolic_address,0.84375,319,164,30,630,64,64,192,0
23,M2_anonymous_k2,0.5625,319,292,30,630,192,128,192,0
23,MA_anonymous_k2,0.265625,319,292,30,630,320,128,384,0
37,M0,0.21875,36,36,30,0,0,0,0,0
37,MC_capacity,0.203125,319,319,30,0,0,0,0,0
37,M2_symbolic_address,0.96875,319,164,30,630,64,64,192,0
37,M2_anonymous_k2,0.65625,319,292,30,630,192,128,192,0
37,MA_anonymous_k2,0.484375,319,292,30,630,320,128,384,0
53,M0,0.328125,36,36,30,0,0,0,0,0
53,MC_capacity,0.359375,319,319,30,0,0,0,0,0
53,M2_symbolic_address,0.953125,319,164,30,630,64,64,192,0
53,M2_anonymous_k2,0.5,319,292,30,630,192,128,192,0
53,MA_anonymous_k2,0.4375,319,292,30,630,320,128,384,0
71,M0,0.421875,36,36,30,0,0,0,0,0
71,MC_capacity,0.40625,319,319,30,0,0,0,0,0
71,M2_symbolic_address,0.984375,319,164,30,630,64,64,192,0
71,M2_anonymous_k2,0.515625,319,292,30,630,192,128,192,0
71,MA_anonymous_k2,0.484375,319,292,30,630,320,128,384,0
